customer_id,email,full_name,country,city,created_at
1,figueroajohn@example.org,Megan Mcclain,BT,Johnsonland,2025-07-30T20:38:45+00:00
2,hoffmanjennifer@example.net,Connie Lawrence,AF,Lake Roberto,2024-10-09T02:32:46+00:00
3,susanrogers@example.org,Ian Cooper,IN,Lake Stephenville,2024-11-19T14:20:56+00:00
4,smiller@example.net,Shannon Ray,MA,North Donnaport,2026-03-21T14:27:52+00:00
5,michellejames@example.com,Holly Wood,GE,Jacquelineland,2026-03-30T01:58:50+00:00
6,amandasanchez@example.com,William Bowman,TH,Lake Mark,2025-07-09T15:19:39+00:00
7,perezantonio@example.com,Austin Gentry,TN,Jasonfort,2025-10-29T03:25:42+00:00
8,ithomas@example.org,Kimberly Burgess,NP,Coxberg,2025-02-10T02:04:59+00:00
9,camposmichelle@example.org,Rebecca Henderson,BI,Jamesmouth,2025-04-30T20:49:15+00:00
10,frazierdanny@example.net,Patricia Peterson,KE,Mooretown,2025-05-14T14:07:33+00:00
11,teresa28@example.org,Elizabeth Fowler,UZ,East Nathaniel,2026-03-08T02:00:17+00:00
12,georgetracy@example.org,Sherry Decker,KP,North John,2024-08-30T02:47:39+00:00
13,millertodd@example.org,Kim Martinez,KM,Arroyoburgh,2025-06-10T09:02:31+00:00
14,ibrandt@example.net,Michelle Ross,SV,Samuelhaven,2024-11-10T14:54:51+00:00
15,jeffreymorgan@example.net,Leah Smith,KN,East Carloston,2025-03-21T05:04:39+00:00
16,palmerjoshua@example.com,Carlos Walls,TO,Sanchezfort,2026-01-01T02:41:13+00:00
17,clintonhopkins@example.com,John Daniel,GQ,North Richardmouth,2025-11-25T14:09:40+00:00
18,wrightjames@example.com,Clifford Ford,BO,Mortonside,2025-11-20T18:05:11+00:00
19,novaksara@example.org,John Lewis,MZ,East Nicholasfurt,2024-07-16T12:54:14+00:00
20,smitchell@example.net,Kristi Higgins MD,KE,North Beth,2024-11-10T17:22:33+00:00
21,brian97@example.net,Kim Brown,SE,Port Jacobland,2025-05-23T18:02:05+00:00
22,richarddavid@example.net,Kristopher Harvey,NL,Sarahborough,2025-08-24T22:15:31+00:00
23,john62@example.net,Joyce Hickman,BN,South Christineshire,2025-08-21T02:01:15+00:00
24,medinawilliam@example.org,Shirley Suarez,MN,Ericside,2026-04-06T16:48:17+00:00
25,contrerasangela@example.net,Shawn Baker,CD,West Juan,2025-09-13T18:29:05+00:00
26,james48@example.com,Terry Williams,ZW,Calderonton,2024-10-03T11:54:50+00:00
27,danagreen@example.net,Michael Hoffman,CG,Lake Rebeccaside,2024-05-11T10:31:04+00:00
28,brandi26@example.org,Jacob Fitzpatrick,BB,Jasonbury,2024-06-03T04:35:49+00:00
29,kimberly69@example.net,Timothy Hancock,EE,Johnsonmouth,2025-08-19T03:04:25+00:00
30,vpham@example.org,Richard Rodriguez,AZ,Walkermouth,2025-11-08T00:00:56+00:00
31,jeffreykeller@example.com,Sean Rasmussen,IT,Darlenefurt,2025-01-08T21:11:56+00:00
32,sheila14@example.org,Victoria Johnson,UG,Reedmouth,2025-08-27T22:38:30+00:00
33,cruzbarbara@example.com,Jeffrey Meyer,SO,West Ryan,2025-03-10T15:21:14+00:00
34,cindy14@example.net,Jason Powell,KE,East Robert,2026-03-04T14:55:54+00:00
35,christinaturner@example.net,Elizabeth Clark,TT,Stevenmouth,2026-02-26T15:51:07+00:00
36,yleon@example.net,Bradley Robertson,ZW,Clarencebury,2025-08-25T05:13:48+00:00
37,lindsayhernandez@example.org,John Atkinson,BN,Perryshire,2025-08-23T05:37:38+00:00
38,psnyder@example.org,Abigail Potter,CD,Robinsonhaven,2024-09-22T03:39:40+00:00
39,samanthamartinez@example.org,Mary Travis,UG,Stephaniemouth,2025-03-30T08:41:56+00:00
40,jrivas@example.com,Natasha Wells,IL,Port Dana,2025-07-12T02:31:34+00:00
41,rsims@example.com,Dustin Nelson,LB,East Edwardfurt,2025-10-27T09:24:05+00:00
42,calebrussell@example.net,Antonio Wall,MW,Port Nicoleshire,2025-09-07T01:15:38+00:00
43,benderkenneth@example.com,Tiffany Barnes,AE,South Jeffrey,2025-01-30T09:41:33+00:00
44,priceelizabeth@example.com,Sara Calhoun,VU,South Brittanytown,2025-03-10T05:58:28+00:00
45,dtaylor@example.org,James Lewis,LR,Kathleenfurt,2024-07-06T18:11:37+00:00
46,fking@example.com,Joshua Cooke,MG,Lake Casey,2024-11-19T20:49:33+00:00
47,websterstefanie@example.org,Lisa Allen,PY,New Staciemouth,2026-03-10T12:20:07+00:00
48,gary91@example.org,Ashley Johnson,KR,Sandersborough,2025-09-10T21:58:43+00:00
49,curtisbarton@example.net,Barbara Riggs,BB,Amandastad,2024-07-01T04:31:32+00:00
50,alexander67@example.org,Jack Snow,PK,South Gregory,2024-06-26T06:10:37+00:00
51,christina87@example.com,Nicholas Adams,HN,West Nicolebury,2025-05-09T10:15:55+00:00
52,frogers@example.com,Daniel Salinas,LV,Nicoleview,2025-10-16T15:33:23+00:00
53,christophercortez@example.com,Cynthia Alvarez,LC,Westtown,2025-06-02T06:36:05+00:00
54,richardsanchez@example.net,Kara Schmidt,NO,Michaelmouth,2024-07-13T03:16:39+00:00
55,jerry35@example.org,Tiffany Vaughn,FI,Lake Todd,2024-11-14T17:25:34+00:00
56,tina34@example.org,Eric Erickson,CN,Brandonton,2025-09-28T12:17:04+00:00
57,danamullins@example.org,Laura Harrison,OM,Jackton,2025-05-31T13:42:53+00:00
58,ewilson@example.com,Kenneth Parks Jr.,TM,Christopherbury,2024-11-01T19:27:17+00:00
59,yobrien@example.net,Joseph Hayes,PA,Michellechester,2024-07-30T22:15:36+00:00
60,lynchjody@example.org,Deborah Miller,GY,New Charles,2024-12-08T20:48:55+00:00
61,enorris@example.com,Dwayne Campbell,PH,Lake Jesusview,2024-05-10T19:53:32+00:00
62,ronaldstephens@example.net,Derek Thomas,BH,Port Kyle,2025-11-11T19:29:45+00:00
63,scott74@example.net,Dillon Fernandez,OM,New Billchester,2025-10-15T14:01:37+00:00
64,anthony39@example.net,Yvonne Chambers,IQ,Port Katelynfort,2025-10-05T11:32:28+00:00
65,lmoon@example.net,Robert Costa,PW,Rickymouth,2025-05-07T11:28:49+00:00
66,marksteele@example.com,Jennifer Hodges,AZ,Millerview,2025-08-21T08:52:20+00:00
67,ahancock@example.net,Julia Brown,SI,Cindyfort,2024-12-21T09:37:59+00:00
68,harrisandrea@example.com,Michael Martinez,ZM,Lake Eric,2025-07-21T00:58:51+00:00
69,hdavis@example.com,Maria Moore,VC,Williamview,2025-05-29T19:21:01+00:00
70,pbaird@example.com,Janet Weeks,SE,Port Chad,2025-02-23T23:56:01+00:00
71,ymorgan@example.net,Aaron Barber,TZ,Grimesmouth,2025-11-01T04:45:10+00:00
72,martin86@example.com,Sheila Pollard,GY,Hallchester,2025-05-21T05:16:03+00:00
73,zthornton@example.com,Matthew Hoover,CZ,Hannaberg,2024-06-08T12:41:12+00:00
74,molly71@example.net,Alexis Thomas,TD,North Terrance,2025-04-25T19:11:13+00:00
75,cindy61@example.com,Shannon James,LB,Brennanton,2026-03-18T20:41:44+00:00
76,crystalmccall@example.org,Jessica Garcia,ZW,South Garrettport,2025-07-15T11:20:29+00:00
77,nguyenbrian@example.com,Charles Schmidt,TM,East Gregory,2026-01-31T18:50:28+00:00
78,pharvey@example.com,Briana Murray,IE,Scotttown,2025-07-09T21:23:34+00:00
79,rsantana@example.net,Jeremy Reed,TZ,Daniellechester,2026-01-28T14:55:41+00:00
80,mbruce@example.com,Ashley James,MK,Victoriaport,2025-09-04T12:07:43+00:00
81,khill@example.net,Valerie Lozano,CH,Wallport,2024-05-24T07:44:50+00:00
82,catherinegomez@example.net,David Campos,KM,Lake Colton,2025-11-03T08:17:39+00:00
83,parkerscott@example.net,Carlos Browning,LR,Thompsonberg,2025-07-22T11:26:02+00:00
84,alyssa42@example.com,Terry Coffey,KE,Lindamouth,2025-11-10T21:23:07+00:00
85,karenperez@example.net,Veronica Coffey,TH,Christopherfurt,2026-03-14T10:36:33+00:00
86,gibsonemily@example.net,James Little,MR,Lake Jesustown,2024-05-18T16:54:11+00:00
87,rose31@example.net,Susan Turner,NE,East Brandonton,2025-07-16T22:26:02+00:00
88,pwilson@example.net,Jesse Santiago,CH,Matthewsberg,2024-12-08T03:44:26+00:00
89,basschristina@example.com,Jacob Ramos,GW,Corystad,2026-01-19T04:03:39+00:00
90,bruce43@example.org,Samantha Davis,GH,North Kristinbury,2025-05-25T08:12:29+00:00
91,caseyhubbard@example.org,Robin Hall,CY,West Micheleberg,2026-04-01T14:29:30+00:00
92,lauren10@example.org,Richard Young,LI,East Josephberg,2026-03-31T16:44:40+00:00
93,reesethomas@example.com,Ashley Gordon,VE,Lake Kristahaven,2025-10-10T12:19:02+00:00
94,browntimothy@example.com,Brian Joseph,PA,North Marcberg,2024-12-06T05:46:25+00:00
95,claudia98@example.net,Zachary Schmidt,PH,Garciaville,2024-06-23T23:07:39+00:00
96,russellbeasley@example.com,Jesse Perry,BY,Ronaldview,2025-12-27T07:39:05+00:00
97,gloriawells@example.org,Anna Davis,SZ,Lisaside,2025-01-26T03:28:42+00:00
98,elizabeth65@example.net,Jenny Moon,BF,Carolinestad,2024-06-19T23:16:51+00:00
99,ericolson@example.org,Justin Wilson,IT,Port Roy,2024-07-20T12:35:32+00:00
100,lynchdiane@example.net,Christopher Park,KR,Michaelburgh,2025-06-05T21:35:44+00:00
101,vjones@example.net,Anna Moreno,MT,Chavezburgh,2026-01-08T06:37:25+00:00
102,kimberly99@example.org,Brittney Webster,BE,West Scottchester,2025-01-23T04:03:51+00:00
103,nperry@example.net,Jeffrey Campbell,GD,Roseport,2025-04-14T03:37:15+00:00
104,djoyce@example.org,Tony Saunders,IE,Marktown,2024-06-09T18:26:39+00:00
105,ythompson@example.net,Kathryn Whitaker,MH,South Michelleton,2025-04-22T08:42:46+00:00
106,umorse@example.net,Jared Bowman,JP,South Andrewmouth,2025-03-10T12:25:26+00:00
107,xcollier@example.org,Brian Graham,MZ,South Monicamouth,2024-09-06T08:21:31+00:00
108,charlesschultz@example.net,Susan Bailey,ZA,East Curtis,2024-10-11T03:52:21+00:00
109,carriewolf@example.net,Trevor Burton,PL,Maldonadoshire,2024-11-04T06:07:27+00:00
110,michelle52@example.com,Jeremy Turner,IS,West Williamport,2025-08-02T08:34:46+00:00
111,brownmarie@example.org,Vanessa Davis,UG,Fordside,2025-03-28T09:30:08+00:00
112,colelisa@example.net,Larry Mason,BH,Garciamouth,2026-03-08T08:59:27+00:00
113,wagnergerald@example.org,Wendy Warren,VA,West Nathan,2026-03-28T02:18:15+00:00
114,rschroeder@example.net,Mark Cook,LS,New Erikaport,2024-11-23T02:46:49+00:00
115,mathewaguilar@example.org,Emily Douglas,HR,Andersonland,2024-11-01T11:20:29+00:00
116,vschneider@example.org,Sandra Rodgers,LA,Lake Ellenhaven,2024-12-11T19:27:05+00:00
117,kyle35@example.com,Zachary Moore,KE,New Kellihaven,2025-01-17T09:47:23+00:00
118,nancy92@example.net,Christopher Guerra,VU,Lake Samuel,2024-06-04T09:30:07+00:00
119,tarabishop@example.net,Cynthia Allen,PW,West Erika,2025-02-20T18:04:01+00:00
120,smurray@example.com,Jennifer Martin,FR,Port John,2025-06-12T12:31:35+00:00
121,angela18@example.org,Phillip Nelson,SG,Port Samuel,2025-08-01T02:06:13+00:00
122,lisawilkerson@example.org,James Brooks,MV,West Jeffreymouth,2026-03-02T21:33:17+00:00
123,lacey20@example.com,Kaitlyn Guerra,PS,Westtown,2026-02-19T23:30:27+00:00
124,scottmary@example.net,Lisa Henderson,JO,West David,2026-02-02T11:45:02+00:00
125,fbrown@example.net,Lynn Andrews,VC,West Ruben,2024-10-22T23:26:23+00:00
126,ashleylopez@example.net,William Jones,SL,South Morganton,2025-07-13T14:47:34+00:00
127,jon05@example.org,Nicholas Fuller,TT,Dennisstad,2025-07-28T05:30:06+00:00
128,mariacohen@example.net,Clarence Taylor,VC,Johnsonborough,2025-05-26T10:13:49+00:00
129,ninastewart@example.com,Virginia Daniels,ID,Port Deborahport,2024-06-08T15:21:34+00:00
130,glennmartin@example.org,Jessica Ross,OM,Morganburgh,2025-01-14T00:11:16+00:00
131,zrichardson@example.net,Bradley Coleman,NR,New Kelly,2025-04-21T12:50:23+00:00
132,donna47@example.net,Carol Wallace,PE,Lake Mollystad,2024-07-19T19:44:10+00:00
133,yhill@example.org,Mark Cox,AE,North Douglas,2025-07-13T15:29:50+00:00
134,ejohnson@example.org,Holly Reyes,TN,New Ericmouth,2025-07-08T13:08:00+00:00
135,scott19@example.org,Jennifer Banks,HU,North Jillfort,2026-03-04T14:04:30+00:00
136,greenjorge@example.com,Logan Benson,RW,North Derek,2025-05-06T14:59:40+00:00
137,rachelwallace@example.org,Tracy Downs,TL,Jennaside,2024-06-29T19:50:12+00:00
138,melissa25@example.net,William Conner,GW,Johnsonside,2025-05-23T17:38:02+00:00
139,jlara@example.org,Angelica Parker,VC,Foxchester,2025-06-13T19:45:45+00:00
140,martinezlogan@example.org,Michael Cooper,TG,Port Tammy,2025-12-06T16:29:46+00:00
141,guerraapril@example.com,Frank Fletcher,LY,Meghanview,2025-03-07T23:52:49+00:00
142,david49@example.net,Martin Vargas,TT,East Donna,2024-09-23T11:02:35+00:00
143,megan90@example.org,Travis Wise,IN,Port Ashley,2025-09-25T17:50:29+00:00
144,jimenezcourtney@example.com,Elizabeth Sanchez,LA,Evansland,2025-07-15T22:15:05+00:00
145,scottwashington@example.org,Charles Hensley,LB,Theresaberg,2025-09-03T07:33:00+00:00
146,floressteven@example.com,Charles Williams,MV,Wrightburgh,2025-10-23T18:50:39+00:00
147,james27@example.net,Shawn Jimenez,BW,Wagnerbury,2025-11-29T18:42:30+00:00
148,brandon47@example.net,Martha Ruiz,SO,Port Danielberg,2024-10-06T15:48:51+00:00
149,kathryn50@example.com,Justin Cox,JO,South Williamside,2026-01-17T02:19:53+00:00
150,andersoncolin@example.com,Gina Mcmillan,TW,East Carrie,2024-11-20T21:26:21+00:00
151,williamsderrick@example.com,Kelly Hernandez,SG,West Sarah,2025-02-14T02:50:11+00:00
152,vewing@example.com,Katie Hicks,RW,Thomastown,2024-12-18T01:53:00+00:00
153,whitneybrandy@example.net,Lori Carlson,IN,Lake Brett,2025-01-21T23:33:50+00:00
154,rhernandez@example.org,Travis Rodriguez,AM,Edwardsberg,2025-04-10T11:59:01+00:00
155,roberthampton@example.com,Nancy Brown,CU,New Mark,2025-02-22T05:23:47+00:00
156,ledwards@example.com,Gloria Gomez,WS,Chelseaborough,2025-08-15T19:56:54+00:00
157,angela34@example.com,Melissa Burns,QA,Annview,2026-03-10T13:12:22+00:00
158,zhuang@example.com,Regina Roberts,JO,West Sandraview,2024-11-26T13:05:10+00:00
159,jamesryan@example.net,Breanna Gilbert,TZ,East Brent,2025-10-14T10:48:20+00:00
160,danawilliams@example.com,John Maldonado,CU,New Tiffanyburgh,2026-02-02T00:25:53+00:00
161,mwoods@example.com,Matthew Velez,BT,New Joanne,2025-02-17T23:38:31+00:00
162,gentrygregory@example.org,Amanda Huff,SA,Lake Suzanne,2025-12-25T14:18:04+00:00
163,smithashley@example.org,Frances Gibson,BA,Smallberg,2026-02-16T15:02:39+00:00
164,znelson@example.org,Nicholas Wong,VC,North Jill,2025-12-26T02:31:02+00:00
165,gregorychase@example.com,Kaylee Miller,SV,East Tinafort,2025-11-13T20:54:57+00:00
166,adamreyes@example.com,Tiffany Turner,RS,West Desireebury,2024-12-21T15:08:43+00:00
167,marshallerik@example.net,Stephanie Padilla,KR,Lake Sabrinaport,2024-06-21T11:18:50+00:00
168,jeffreyanderson@example.org,William Brooks,ME,Toddborough,2025-01-21T09:52:52+00:00
169,foxallison@example.com,Justin Brown,SY,New Amanda,2025-10-24T14:55:39+00:00
170,nwilson@example.net,Ann Dixon,BG,Andersonchester,2024-09-01T05:01:44+00:00
171,hansenemily@example.com,Jennifer Velasquez,CH,New Charles,2025-03-24T22:23:10+00:00
172,weaverbrian@example.org,Mrs. Donna White,CR,Brooksfurt,2025-03-01T17:54:23+00:00
173,rbennett@example.net,Brandi Dalton,CL,New Phillip,2025-03-19T03:30:01+00:00
174,maryavila@example.com,Nathan Coleman,MU,East Steven,2024-08-06T03:48:27+00:00
175,sharonhardy@example.org,Matthew Mendez,AM,East Carlos,2024-08-25T14:44:07+00:00
176,tharper@example.org,Andrew Gonzales,SR,Port Michelle,2025-06-29T00:00:48+00:00
177,jim95@example.net,Megan Flores,KI,Lake Adriana,2024-06-17T11:49:10+00:00
178,bruce92@example.net,Kristi Williams,LY,Floydmouth,2025-02-22T15:29:06+00:00
179,yhernandez@example.org,Kara Atkinson,KG,Port Steven,2025-09-08T16:54:43+00:00
180,jfaulkner@example.net,David Harris,KH,South Melanieland,2024-06-18T07:39:19+00:00
181,brettbennett@example.net,Shelly Lopez,PS,South Jason,2025-05-19T03:45:25+00:00
182,susan03@example.org,Autumn Key,QA,Lake Cassandra,2026-02-03T07:30:35+00:00
183,andrearowe@example.com,Matthew Parker,ML,Owensfort,2024-09-29T05:05:10+00:00
184,robin55@example.com,Sean Figueroa,AM,Angelashire,2025-10-24T11:03:00+00:00
185,mphillips@example.com,Kelly Sanchez,SY,Jonathanfort,2025-06-18T15:10:56+00:00
186,umurray@example.com,Nathan Freeman,SR,New Arthurland,2026-03-16T23:22:57+00:00
187,duranrobert@example.net,Michael Smith,SD,Brooksfort,2026-03-02T00:57:29+00:00
188,smithandrea@example.org,Nathan Nichols,JO,New Lisachester,2025-08-13T18:28:52+00:00
189,danieldavis@example.org,Manuel King,MH,Lauraland,2025-11-24T15:48:49+00:00
190,pstevens@example.net,Michael Abbott,TD,North Richardfurt,2025-01-25T06:28:24+00:00
191,walshjacqueline@example.org,Mr. Richard Knight PhD,BY,East Jasonshire,2025-05-31T02:39:38+00:00
192,glassgabrielle@example.com,Kristy Johnson,KW,East Brendafurt,2025-04-07T00:47:31+00:00
193,francisco39@example.com,Kimberly Reyes,SZ,Port Vanessa,2026-02-18T14:42:32+00:00
194,brian63@example.org,Randy Friedman,MY,Anthonyview,2025-09-28T05:11:59+00:00
195,whenry@example.net,Jessica Frazier,HR,Millerport,2025-11-08T19:32:40+00:00
196,millereric@example.net,Brittany Price,ML,North Adamport,2025-11-18T23:25:47+00:00
197,curtis12@example.com,Justin Russell,AR,West Angelamouth,2025-03-16T11:35:43+00:00
198,carterpaul@example.org,Kristin Haney,HN,Lake Oscar,2026-01-03T23:19:29+00:00
199,joseph21@example.org,Jason Washington,BO,Johnathanbury,2024-08-14T05:01:18+00:00
200,mwheeler@example.com,Eric Rush,LT,Brockmouth,2025-09-25T22:19:30+00:00
201,pochoa@example.net,Frank Valentine,FR,Edwardsfurt,2025-03-13T07:43:33+00:00
202,jessica79@example.org,Douglas Hartman,MM,New Jamesside,2026-03-18T12:39:10+00:00
203,bentonsteven@example.net,Robert Guerra,BJ,Chambersberg,2024-09-11T23:45:33+00:00
204,johnnymoore@example.com,Angela Ewing,QA,Fergusonchester,2025-07-26T14:15:03+00:00
205,jacqueline89@example.net,Ashley Wright,TL,Gabrielton,2025-05-24T18:24:41+00:00
206,vrasmussen@example.com,Brett Walker,AE,South Neil,2025-06-07T11:29:55+00:00
207,michaeljohnson@example.org,Thomas Miller,ZA,West Larry,2025-03-29T07:42:21+00:00
208,adrianabailey@example.org,Michael Flores,KG,Port Jennifertown,2025-03-23T21:44:35+00:00
209,byrdfrank@example.net,Christopher Moore,TJ,Mullenbury,2025-12-24T18:54:58+00:00
210,jacobsandoval@example.com,Lucas Gonzalez,UA,Priceborough,2025-11-18T18:23:48+00:00
211,raylauren@example.net,Gabriel Ellis,IN,Rosemouth,2024-09-30T02:27:33+00:00
212,wmatthews@example.com,Lisa Cervantes,MA,Samanthashire,2025-07-01T02:53:47+00:00
213,lawrenceallen@example.org,Michael Dixon,NL,New Patrick,2024-07-07T07:43:07+00:00
214,angelaburns@example.org,Ryan Harvey,MK,South Derrickfurt,2024-09-16T01:42:41+00:00
215,fortiz@example.com,Jill Jackson,TM,Port Kathleenport,2026-03-15T02:20:29+00:00
216,amandajackson@example.com,Patricia Simpson,SE,New Dannyside,2024-05-31T20:33:48+00:00
217,amber07@example.net,Jeffery Fitzgerald,TD,West Nancy,2025-12-06T15:32:41+00:00
218,michael17@example.org,Cynthia Cochran,TZ,Michellechester,2024-05-31T12:45:04+00:00
219,kristenli@example.org,Kim Carlson,DO,Tiffanyport,2024-09-02T05:18:45+00:00
220,stephanie81@example.org,Rachel Sellers,IS,Lake Michelle,2024-11-27T15:02:27+00:00
221,maria67@example.org,Debra Perry,PG,Lake Lauraland,2024-10-30T20:21:48+00:00
222,heather57@example.com,Aaron Schroeder,ES,Lake Teresastad,2025-02-15T03:26:35+00:00
223,brobinson@example.org,Frank Campbell MD,CO,Kramerton,2025-12-25T10:29:14+00:00
224,ksmith@example.com,William Patterson,FM,Lake Kevin,2024-06-10T03:16:47+00:00
225,clarence54@example.org,Steven Martin,MY,Jessicabury,2026-01-11T11:17:43+00:00
226,padillaaaron@example.com,Kevin Stone,PA,North Heatherville,2025-03-05T14:56:02+00:00
227,ebenson@example.org,Brandon Shaffer,CA,Michaelport,2026-04-01T03:17:43+00:00
228,darlenebyrd@example.org,Alejandra Santos,OM,Jenniferberg,2024-08-13T00:15:40+00:00
229,fheath@example.org,Bryce Blair,MG,Edwardsberg,2026-02-12T07:43:40+00:00
230,wrightcarolyn@example.net,Peggy Vaughn,KM,Jamiehaven,2024-10-29T12:34:30+00:00
231,dphillips@example.org,Brian Porter MD,SM,West Sarahberg,2024-09-18T02:20:39+00:00
232,rdiaz@example.org,Tiffany Townsend,AM,North Joseton,2025-02-03T22:14:54+00:00
233,ohunter@example.net,Jennifer Miles,BS,West Christopher,2026-02-14T04:52:10+00:00
234,terrimoore@example.com,Mark Davenport,KZ,West Hollybury,2024-07-03T07:22:55+00:00
235,middletondarren@example.net,Ellen Harmon,SZ,North Alexander,2024-06-18T12:23:46+00:00
236,martinstephanie@example.net,Samantha Green,MR,Lake Kimberly,2024-08-13T01:38:53+00:00
237,wiseanthony@example.com,Austin Joseph,TR,South Spencerstad,2024-11-13T05:14:56+00:00
238,michaelscott@example.org,Megan Wilson,SZ,North Micheletown,2024-06-16T18:55:30+00:00
239,jcox@example.org,Shannon Tran,LC,Walkerbury,2024-10-27T06:11:27+00:00
240,joseph19@example.com,Michael Williams,GR,South Caseymouth,2025-02-24T12:48:56+00:00
241,mark87@example.org,Eddie Mueller,SZ,South Micheal,2026-01-05T14:13:39+00:00
242,jessicapayne@example.org,Timothy Johnson,SR,Cynthiatown,2026-03-20T17:18:55+00:00
243,blakenicholas@example.net,Ashley Moreno,GW,Vasquezton,2026-03-06T02:30:04+00:00
244,jenniferdavis@example.org,Kelly Haynes,MR,Villegasland,2026-03-21T05:06:30+00:00
245,danafoster@example.net,Jessica Brandt,GW,Josemouth,2025-06-19T18:32:47+00:00
246,vhaynes@example.com,Dillon Jones,FR,Port Kayla,2026-02-16T15:04:56+00:00
247,martinsteven@example.com,Hunter Townsend,PG,Stevenville,2024-07-24T06:54:30+00:00
248,margaret90@example.org,Erin Davis,HU,Randyton,2024-07-11T07:01:19+00:00
249,lori20@example.com,Kristi Pierce,BY,Garciaberg,2025-08-26T07:23:28+00:00
250,greertoni@example.org,James Parks,KH,New Brendaland,2024-08-02T00:43:23+00:00
251,gonzalezdebbie@example.org,Ryan Lamb,CM,South Brentshire,2024-05-24T05:24:13+00:00
252,ycrawford@example.net,Hector Odonnell,IS,Seanberg,2025-03-08T08:55:35+00:00
253,deborahporter@example.net,Brandon Reyes,NL,Lake Nicole,2024-06-02T05:25:09+00:00
254,mayokimberly@example.com,Richard Cooper,TM,Paulburgh,2025-05-12T06:38:34+00:00
255,anthonycochran@example.com,William Moreno,TV,East Craig,2024-05-27T05:04:03+00:00
256,amanda03@example.net,Rebecca Kelly,EC,East Brittany,2025-08-12T01:47:55+00:00
257,robin05@example.net,Kristine Lopez,SA,Gregoryton,2025-11-24T16:31:43+00:00
258,carolynsmith@example.com,Thomas Harris,CO,Jennifermouth,2024-07-11T04:16:23+00:00
259,brendastark@example.org,Shannon Yu,MR,Willismouth,2024-06-19T16:08:08+00:00
260,theresaoconnor@example.com,Toni Banks,EC,Jeffreyshire,2024-12-06T08:02:25+00:00
261,sparker@example.com,Nicholas Rush,TO,Rosalesshire,2025-11-30T11:07:23+00:00
262,samantha93@example.net,Taylor Taylor,CH,East Michaelmouth,2024-05-31T15:18:45+00:00
263,underwoodelizabeth@example.net,Jillian Baker,HU,West Jonathanville,2024-09-03T13:21:07+00:00
264,cruzjessica@example.org,Katherine Gray,ST,Garciafort,2025-09-25T14:09:24+00:00
265,franciscojones@example.org,Fernando Lynn,BN,Georgefurt,2025-11-12T10:39:34+00:00
266,paynerachael@example.org,William Barry,MA,South Sherriburgh,2024-08-29T15:57:30+00:00
267,gmoore@example.com,Colton Terry,WS,Donnaport,2025-07-08T08:50:30+00:00
268,longandrea@example.com,Isaac Patterson,KE,Gonzaleztown,2024-10-22T08:27:25+00:00
269,tiffany71@example.com,Kaitlin Jacobson,IN,Lake Amyburgh,2024-09-30T22:06:13+00:00
270,cwood@example.org,John Perez,IQ,East Karenville,2025-01-23T20:19:42+00:00
271,lindsey69@example.org,Sara Cardenas,NL,Armstrongbury,2024-07-07T23:46:46+00:00
272,fostermelissa@example.org,Stephanie Mcbride,GD,North Stacy,2025-04-07T13:36:08+00:00
273,teresastokes@example.org,Blake Vega,FR,Port Brooke,2025-03-19T11:56:59+00:00
274,millerangela@example.net,Donald Ellis,AL,Rodriguezberg,2024-12-18T22:23:03+00:00
275,buckleyanna@example.org,Sharon Beard,NG,Patrickfort,2024-08-20T18:22:20+00:00
276,rjohnson@example.com,Lee Steele,AZ,Prestonmouth,2025-06-13T15:29:22+00:00
277,reesesamantha@example.com,Robert Turner,IT,Garrisonville,2025-09-04T15:29:42+00:00
278,dennismccann@example.com,Erica Daniel,UY,East Scottchester,2026-03-21T04:03:22+00:00
279,lori82@example.org,Jonathon Taylor,SL,East Jamesborough,2025-10-09T23:19:03+00:00
280,antoniowilliams@example.com,Denise Colon,SD,Reidville,2025-12-16T05:45:34+00:00
281,nathanwheeler@example.org,Karen Arnold,LY,Port Patricia,2025-08-29T02:29:08+00:00
282,mitchellpaul@example.org,Penny Lewis,GN,Lake Jamie,2025-10-15T14:05:04+00:00
283,hancocktammy@example.net,Thomas Holland,US,East Johnnyport,2025-08-08T09:04:58+00:00
284,rodney65@example.com,John Byrd,VU,Silvatown,2025-09-20T05:09:37+00:00
285,anna99@example.com,Brian Brown,IS,Michelleview,2025-05-02T06:13:57+00:00
286,jacob83@example.org,Rebekah Greene,HR,Erintown,2025-08-11T13:16:38+00:00
287,jordan66@example.com,Lauren Cooley,ET,Jessicabury,2025-08-11T01:11:21+00:00
288,qknox@example.com,Sarah Pittman,TH,West Connor,2025-09-01T16:57:36+00:00
289,jessica82@example.net,Martha Walker,GR,Robertmouth,2024-08-06T13:50:41+00:00
290,steven17@example.org,Lauren Blackburn,BN,Prestonhaven,2025-01-24T07:27:21+00:00
291,amoreno@example.org,Brittany Gay,LV,Benitezmouth,2024-07-31T21:11:50+00:00
292,kimberlyfreeman@example.net,Mrs. Amy Hayes,GE,New Kathy,2024-08-17T06:43:30+00:00
293,andersonryan@example.com,Vincent Reyes,AZ,Lake Nathan,2025-04-16T21:26:40+00:00
294,katherine83@example.org,Lori Wright,MD,Larryville,2024-05-18T19:34:01+00:00
295,gary04@example.com,Joseph Warren,NZ,West Wendy,2025-02-01T14:58:33+00:00
296,frederickmeadows@example.com,Danny Mercer,GH,New Williamville,2025-04-17T07:33:29+00:00
297,brooksdanielle@example.net,Linda Williams,CD,North Hannahchester,2025-01-20T17:52:08+00:00
298,kelleythomas@example.org,Michael Smith,NL,Lake Abigailberg,2025-03-16T04:30:28+00:00
299,huntchristine@example.com,Brian Gonzalez,FR,Marieborough,2025-02-26T08:00:25+00:00
300,cphillips@example.net,Daniel Fitzpatrick MD,AD,Lake Christopherville,2025-01-14T16:07:10+00:00
301,fhernandez@example.net,Nathaniel Conway,BA,South Vanessa,2025-12-15T00:25:54+00:00
302,lwilliams@example.org,Heather Rhodes,NP,North Melissaton,2024-12-02T07:29:32+00:00
303,elizabethjackson@example.com,Tina Adams,ES,West Lisaburgh,2024-05-15T17:30:57+00:00
304,rrivers@example.com,Karen Fisher,DM,East Heatherton,2024-07-27T16:35:54+00:00
305,dalepruitt@example.com,Meghan White,MU,Cherylberg,2026-03-27T12:34:45+00:00
306,arodriguez@example.com,Dennis Edwards,MA,Lake Morgan,2025-04-12T08:12:45+00:00
307,reynoldsjessica@example.com,Michael Cruz,TH,North Dawnburgh,2025-05-07T13:45:50+00:00
308,kchristian@example.org,Erica Rivera,IT,New Jeffreyfurt,2025-04-28T02:16:07+00:00
309,christianwallace@example.net,Scott West,CL,Mcgeetown,2025-02-15T10:36:31+00:00
310,jjohnson@example.org,Rebecca Richmond,DZ,Pamelaside,2024-07-19T20:29:58+00:00
311,xclements@example.org,Sarah Rivera,VN,Moranstad,2024-09-30T20:23:36+00:00
312,davisdonna@example.org,Ronald Brandt,JP,Jacquelineton,2025-09-22T10:30:12+00:00
313,ttaylor@example.net,Ashley Carr,ET,Port Philipmouth,2026-01-27T04:46:37+00:00
314,jenniferrodriguez@example.com,Mark Powers,CM,Ellisshire,2025-12-07T12:55:04+00:00
315,tamarasmith@example.net,Timothy Roberson,RO,Lake Beth,2026-03-09T17:55:19+00:00
316,dalesandoval@example.net,Kathy Cruz,UZ,West Raymond,2025-10-02T15:38:06+00:00
317,shawn22@example.com,Stacey Hunt,ME,Jenniferside,2025-01-04T02:53:13+00:00
318,jasonklein@example.net,Michael Zavala,CF,New Amy,2025-07-26T01:35:45+00:00
319,hodgesanna@example.net,Mary Butler,AE,Nataliechester,2025-07-29T01:47:13+00:00
320,johnsondustin@example.net,Derek Floyd,JO,Dwayneton,2025-11-26T03:44:29+00:00
321,james80@example.com,Ashley Parrish,SZ,Lake Deborah,2025-09-04T16:51:30+00:00
322,heather06@example.com,Richard Jennings,TG,North Juliaborough,2025-02-05T08:41:07+00:00
323,ogreer@example.net,Holly Chapman,SZ,Port Jenny,2025-07-17T15:29:41+00:00
324,rthompson@example.org,Christopher Palmer,MT,South Joshuaview,2024-09-21T11:54:00+00:00
325,adam72@example.org,Frank Williams,YE,Tracyshire,2024-08-08T01:31:31+00:00
326,bowerslouis@example.org,Kelly Hartman,DJ,Danielsfurt,2025-05-29T07:56:17+00:00
327,nicolealvarado@example.com,Daniel Goodwin,SM,Barajastown,2024-07-12T08:39:14+00:00
328,sean99@example.org,Melanie Flores,CI,Scottport,2024-07-28T07:33:35+00:00
329,willie87@example.com,Steven Lee,SG,North Garyside,2024-05-26T06:15:01+00:00
330,clarkcrystal@example.org,Jessica Garcia,SO,Lucasland,2025-05-17T10:54:35+00:00
331,andrewlove@example.org,Anthony Bauer,TH,New Lorraineview,2025-10-14T03:16:46+00:00
332,bmccoy@example.com,Michael Nichols,BA,Port Julieton,2025-02-18T11:50:09+00:00
333,howardwesley@example.com,Elizabeth Miller,OM,Fostertown,2025-09-11T21:48:06+00:00
334,derekmyers@example.net,Mark Evans,ZA,Susantown,2025-04-05T23:21:45+00:00
335,davidsmith@example.net,Joshua Miller,GE,Jasonhaven,2025-05-31T16:29:32+00:00
336,jeffreydavenport@example.org,Michael Bradley,BF,Newmanland,2024-08-16T17:47:47+00:00
337,kingjames@example.net,Mr. Carl Rios,BZ,Christineborough,2024-11-28T13:13:21+00:00
338,qmurphy@example.com,Brittany Knight,KW,Jacksonmouth,2024-12-17T13:22:26+00:00
339,jenniferdavidson@example.com,Brandy Quinn,QA,Griffinport,2024-10-28T09:29:15+00:00
340,thompsoncatherine@example.com,Brenda Ryan,IN,Lake Charlestown,2025-04-15T01:38:18+00:00
341,hessbeth@example.net,Andrew Green,SR,Valdezberg,2025-12-25T01:45:46+00:00
342,patricialawrence@example.com,Jonathan Davis,MM,Lake Johnburgh,2025-01-20T04:52:35+00:00
343,seanwhite@example.net,Tracy Fitzgerald,RO,Billyfort,2025-10-21T08:41:40+00:00
344,mike03@example.net,Heather Harrison,PH,North Tinamouth,2024-10-18T06:58:39+00:00
345,mary49@example.net,Jamie Gray,TZ,New Johnbury,2024-07-20T06:16:43+00:00
346,lisa57@example.com,Adriana Macias,OM,East Chris,2025-05-05T15:54:14+00:00
347,edwardmoore@example.net,Bailey Hall,LS,South Emmafort,2025-08-02T16:44:09+00:00
348,deborahjenkins@example.org,Kenneth Martin,ZM,New Dylanburgh,2024-10-03T13:09:47+00:00
349,zacharysullivan@example.net,Sherry Luna,JM,East Shanefort,2024-11-05T20:38:47+00:00
350,jeffreyjenkins@example.org,Samantha White,KM,Garymouth,2026-01-06T11:34:51+00:00
351,hallpaul@example.org,Joseph Blankenship,LA,Serranoville,2026-02-14T01:02:51+00:00
352,richamanda@example.org,Matthew Winters,SR,Port Erikachester,2024-09-10T05:38:45+00:00
353,nancy86@example.org,Karen Mack,MG,South Dennisfort,2025-05-09T15:15:59+00:00
354,campbellnancy@example.com,Aaron Manning,AF,New Adrianborough,2025-10-27T10:09:41+00:00
355,robert12@example.com,Dawn Wyatt,NO,Cherylfurt,2025-09-02T17:18:49+00:00
356,jarnold@example.com,Justin Webb,KP,Kimfurt,2025-10-19T19:08:04+00:00
357,adkinssean@example.net,Ariel Romero,LU,East Paultown,2025-10-06T08:31:49+00:00
358,thomasburke@example.org,Daniel Miller,AZ,Ariasfurt,2025-11-23T09:34:51+00:00
359,jennifer90@example.org,Jessica Harris,KM,Jameshaven,2025-07-13T00:36:15+00:00
360,christinacraig@example.com,Aaron Moore,IS,Gomezfurt,2025-05-05T06:31:14+00:00
361,aprilmclaughlin@example.org,Krista Barber,TJ,Michaelview,2025-02-16T23:09:23+00:00
362,shawnpowell@example.org,Jason Rodriguez,BN,Matthewville,2024-10-14T11:16:51+00:00
363,nancy94@example.net,James Webb,HN,Susanmouth,2025-11-22T09:35:20+00:00
364,olsonjonathan@example.com,Wendy Rhodes,GT,Robertstad,2025-08-29T09:33:06+00:00
365,haynesjose@example.com,Michael Nicholson,BO,South Lee,2025-05-05T18:07:49+00:00
366,ian37@example.net,Nicolas Salas,GA,East Mary,2024-10-09T01:20:18+00:00
367,eric11@example.org,Mary Austin,SR,Port Timothymouth,2025-12-15T18:58:01+00:00
368,travis84@example.com,Kenneth Brown,NO,Ayerston,2025-04-18T19:53:58+00:00
369,xdalton@example.org,Bryan Holmes,KW,North Emilyfurt,2025-04-25T22:16:53+00:00
370,michael42@example.net,Derrick Mullen,LV,Ivanchester,2025-06-19T22:32:26+00:00
371,michael64@example.com,Carlos Johnston,GT,Lake Josephbury,2024-10-03T10:16:49+00:00
372,zgonzalez@example.net,Robert Thompson,SB,Port Crystal,2025-06-01T23:01:11+00:00
373,kristen44@example.net,Amber Garcia,DK,East Lisafort,2025-05-17T23:58:06+00:00
374,colematthew@example.com,Justin Patrick,LY,South Davidborough,2025-12-17T15:17:56+00:00
375,tiffanymitchell@example.com,Katherine Doyle,BR,Austinmouth,2025-06-17T00:41:52+00:00
376,mirandadavidson@example.com,Logan Sullivan,BN,East Matthewmouth,2025-07-25T10:57:05+00:00
377,jennifer96@example.com,Priscilla Mcmillan,AE,Gutierrezburgh,2024-12-16T22:06:51+00:00
378,jessicastanley@example.net,Angela Jackson,CA,North Sharonfort,2025-12-28T07:30:32+00:00
379,wisealexandria@example.org,Luke Miller,MW,Jeromeport,2025-05-28T02:54:51+00:00
380,davidroberson@example.org,Howard Herman,PY,Proctorside,2025-03-15T09:06:35+00:00
381,staylor@example.net,Kyle Welch,ZW,Millsside,2026-02-22T19:17:10+00:00
382,timothy31@example.com,Jason Moore,AG,New Lisaberg,2024-12-11T20:47:13+00:00
383,snichols@example.com,Karen Smith,NR,Carlatown,2025-01-04T20:08:15+00:00
384,robertcastro@example.com,Miguel Brewer,MT,West Christian,2025-05-27T23:11:23+00:00
385,justin84@example.com,Barry Taylor,CG,Williamsonview,2025-07-20T23:32:23+00:00
386,blopez@example.org,Joseph Lopez,CA,Josephmouth,2025-09-11T14:55:06+00:00
387,christophersmith@example.org,Eric Lloyd,MR,Terryton,2025-09-30T06:41:04+00:00
388,brianrowe@example.org,Catherine Huang,ID,Claytonville,2024-12-26T06:53:28+00:00
389,paulproctor@example.org,Amanda Murray,BY,South Paul,2026-03-22T15:23:30+00:00
390,eric08@example.net,John Evans,ML,Port Elizabethville,2026-03-13T06:22:33+00:00
391,knguyen@example.com,Jennifer Sanchez,BB,Barkerberg,2024-10-21T05:51:13+00:00
392,wrightvincent@example.net,Tara Shea,YE,North Michaelberg,2025-01-24T02:41:07+00:00
393,martinezjesse@example.net,Nicole Trujillo,OM,North Hannah,2025-09-12T05:18:05+00:00
394,johnwilliams@example.net,Edward Terry,ET,New Michael,2025-01-14T20:14:58+00:00
395,mikayla98@example.org,Christopher Phillips,IN,Shawnhaven,2025-10-03T23:42:25+00:00
396,nicoleharvey@example.com,Cynthia Le,KM,Leefort,2025-01-29T11:12:28+00:00
397,chloemorris@example.net,Brent Hopkins,BD,East Morgan,2025-10-27T08:03:48+00:00
398,clee@example.net,Jasmine Burns,VU,Brandonbury,2024-09-27T12:09:54+00:00
399,smithsamantha@example.net,Steve Miller PhD,BH,Angelachester,2025-07-07T09:54:39+00:00
400,colonjoseph@example.org,Sandra Miller,GM,North Jessicaside,2025-12-05T18:25:28+00:00
401,aliciawright@example.net,Kristin Grant,AE,Port Daniellestad,2025-02-02T20:54:38+00:00
402,kandrade@example.org,Kathy Sandoval,SN,Mahoneymouth,2025-08-24T10:09:16+00:00
403,megan66@example.net,David Gardner,MT,Michaelmouth,2025-05-29T06:36:46+00:00
404,csmith@example.com,Kelly Holder,KI,West Traceyborough,2025-03-18T10:03:39+00:00
405,ingramsherry@example.com,Kayla Duncan,TO,North Benjamin,2025-12-29T08:52:13+00:00
406,josephpreston@example.org,Robert Davis,MZ,Lake Chris,2025-01-13T02:01:23+00:00
407,sthompson@example.net,Susan Larson,KG,Lake Lindseyfurt,2024-12-22T09:28:35+00:00
408,weeksmatthew@example.com,Sean Kane,GT,Lake Kimberlyfurt,2024-07-02T22:14:01+00:00
409,floresannette@example.com,Connie Williams,ES,Maddoxshire,2024-06-15T20:52:57+00:00
410,ryanhartman@example.org,Bradley Duncan,BE,Bakerfurt,2025-04-27T12:10:36+00:00
411,kathleencastillo@example.org,Matthew Gonzalez DDS,LK,East Charles,2025-04-25T11:19:07+00:00
412,gail91@example.org,Jessica Bailey,LI,Brittneytown,2025-11-04T01:37:32+00:00
413,vanessajensen@example.com,Jessica Glass,HT,Lake Nathaniel,2025-10-30T02:25:18+00:00
414,rodriguezbrian@example.net,Sheila Wilkins,AL,Heatherville,2025-10-21T17:33:57+00:00
415,njohnson@example.net,Christina Mills,IL,Deanberg,2024-12-08T16:24:27+00:00
416,bennettrebecca@example.net,Christopher Campbell,MC,Briantown,2025-09-07T20:06:42+00:00
417,elizabeth51@example.org,Stephen Hughes,MU,West Toddside,2024-06-24T14:31:10+00:00
418,vincentellis@example.net,David Moreno,LT,Longburgh,2024-07-09T14:40:14+00:00
419,michael43@example.net,Antonio Scott,MW,New Stacybury,2024-05-21T19:46:28+00:00
420,fsandoval@example.net,Tyler Salazar,YE,South John,2024-08-23T05:21:16+00:00
421,renee57@example.net,Matthew Carpenter,LA,Port Devin,2024-08-23T22:51:17+00:00
422,russellstout@example.org,Krystal Moore,BJ,East Lonnieberg,2025-09-03T06:10:49+00:00
423,nicole66@example.com,Timothy Shannon,SZ,Edwinborough,2025-09-30T06:13:17+00:00
424,anthonyodom@example.net,Keith Hall,HT,Lake Anthony,2024-07-22T17:53:58+00:00
425,manderson@example.com,Jacqueline Christian,RW,Taylorborough,2024-07-03T15:00:44+00:00
426,aduran@example.com,Courtney Powers,FR,North Gregory,2024-10-14T10:54:12+00:00
427,fcamacho@example.net,Jim Wright,NA,New Jillfurt,2026-03-08T16:51:06+00:00
428,vcarr@example.net,Kelly Liu,AZ,South Stephenton,2025-09-25T10:34:53+00:00
429,aprilfoster@example.net,James Hubbard,BE,West Scott,2026-01-13T19:43:27+00:00
430,steven64@example.net,Melissa Mckee,PL,Davishaven,2026-01-18T10:58:37+00:00
431,phillipmorris@example.org,Kevin Marquez,FR,Davismouth,2024-07-27T05:29:44+00:00
432,jennifermartinez@example.org,Madison Miller,KN,Acostahaven,2025-09-05T11:43:50+00:00
433,nicholasjames@example.org,Krystal Keller,CZ,Port Duane,2025-07-11T16:46:44+00:00
434,barneskyle@example.com,Christopher Roach,FR,New Kathytown,2025-10-29T17:36:15+00:00
435,astephens@example.net,Cynthia Chapman,PY,Ortizland,2025-03-26T05:23:22+00:00
436,sanchezamy@example.net,Samantha Clark,ER,North Denise,2025-07-04T02:16:25+00:00
437,estradamary@example.com,Brandon Rodriguez,EE,Lake Justin,2024-06-03T16:14:46+00:00
438,tammycurry@example.com,Anna Evans,MN,Wilkinschester,2025-08-14T22:03:24+00:00
439,carterdennis@example.net,Erin Gutierrez,GE,New Brian,2025-12-20T16:13:34+00:00
440,webbhaley@example.net,Lee Stewart,SL,Sarashire,2025-06-13T04:27:30+00:00
441,lvasquez@example.net,Dylan Lee,CL,South Colleenville,2025-04-21T16:05:46+00:00
442,laurenduarte@example.com,Gregory Shaffer,GH,Lake Jamesport,2025-10-07T12:52:25+00:00
443,parkerwilliam@example.com,Ashley Cook,MY,Port Gregorymouth,2024-11-03T04:03:16+00:00
444,zhendricks@example.org,Karen Burton,SO,Stevenchester,2025-12-14T00:46:48+00:00
445,conleykevin@example.net,Kristen Smith,TR,Laurenstad,2026-02-17T20:28:09+00:00
446,juanjohnson@example.com,Sarah Duncan,MW,New Darryl,2024-06-24T08:03:04+00:00
447,janet50@example.com,Jonathan Young,PG,Javierport,2025-11-07T23:18:00+00:00
448,kristen31@example.com,Rebecca Stein,DE,West Sandra,2024-09-08T13:08:22+00:00
449,kimberly21@example.net,Brandi Hardy,PK,Reeveshaven,2025-10-04T00:21:25+00:00
450,sarah91@example.com,Angel Meyer,KM,Andrewport,2024-07-29T02:17:18+00:00
451,manuellee@example.com,Patricia Lambert,IR,East Joshua,2025-07-30T10:57:47+00:00
452,clarkmichael@example.com,Tony Brock,TO,East Charles,2024-05-19T15:23:53+00:00
453,amber02@example.org,Michael Rodriguez,BF,South Philipshire,2025-07-12T12:47:26+00:00
454,tjensen@example.com,Michelle Lambert,SN,Port Kathyshire,2025-07-23T21:16:06+00:00
455,tdavis@example.net,Pamela Ruiz,GR,Port Paula,2024-08-09T06:35:18+00:00
456,philip55@example.com,Mr. Brian Mendoza,DO,Katrinashire,2024-11-05T17:10:07+00:00
457,sullivanjennifer@example.org,Matthew Sparks,SN,Moraleschester,2024-08-06T04:35:46+00:00
458,amydickson@example.com,Daniel Benson,NR,Bradleymouth,2024-10-23T01:43:21+00:00
459,gilbertcaldwell@example.net,Laura Tucker,UA,Nguyenville,2025-05-25T09:14:02+00:00
460,kylesullivan@example.net,Robert Wise,MU,Troyton,2025-12-05T18:21:59+00:00
461,paigeberger@example.net,Nicole Guerrero,PG,Petershire,2024-07-11T08:54:24+00:00
462,erinstewart@example.net,Meghan Sellers,NZ,Veronicashire,2025-03-18T04:20:41+00:00
463,sabbott@example.org,Joshua Brown,MA,Danielport,2024-05-14T15:24:23+00:00
464,ryanlawrence@example.net,James James,ST,Lake Glenn,2026-01-05T08:17:59+00:00
465,xbridges@example.com,Zachary Santiago,CR,North Deborahberg,2024-08-14T08:52:06+00:00
466,ibarrett@example.org,Robert Dalton,MC,Hansonmouth,2025-09-26T05:43:06+00:00
467,ocruz@example.org,Adam Jimenez,ES,Lake Walter,2025-04-30T18:56:54+00:00
468,arthur09@example.com,Ashley Olson,FM,East Jessicahaven,2025-02-20T17:43:03+00:00
469,steven18@example.net,John Harmon,SV,Lake Cynthiashire,2026-03-28T22:22:08+00:00
470,bergeramanda@example.org,Jose Harrison,ES,Robertport,2024-12-13T20:30:17+00:00
471,nealcarla@example.com,Kristy Brown,PY,New Brett,2024-11-27T12:56:34+00:00
472,mitchellchristopher@example.net,Richard King,VE,Joshuaview,2026-04-02T16:26:51+00:00
473,munozrenee@example.net,Jeremy Morton,IL,South Henry,2024-05-18T21:41:01+00:00
474,cooperchristopher@example.org,Samantha Monroe,GB,Townsendbury,2025-05-13T09:07:03+00:00
475,jasonnavarro@example.com,Dennis Weiss,BF,South Raymond,2025-08-14T17:43:50+00:00
476,noahthornton@example.com,Joseph Graham,JO,Reyesmouth,2024-12-06T01:20:56+00:00
477,davisamanda@example.com,Jessica Hull,IR,Josephville,2026-03-13T15:36:09+00:00
478,rmurray@example.net,Michael Townsend,SK,Ericaburgh,2024-11-03T19:37:43+00:00
479,chambersmarie@example.org,Joseph Jennings,MG,Lake Justin,2024-12-14T09:27:05+00:00
480,harveybrian@example.net,Sara Sampson,DZ,Lake Susanland,2024-09-21T04:52:11+00:00
481,nicholasgallagher@example.net,Tracy Kemp,MC,West Kenneth,2025-12-29T20:58:53+00:00
482,fowlersandra@example.com,Melissa Contreras,LI,Fernandoland,2025-08-14T14:32:45+00:00
483,reyesmarvin@example.org,Robert Thompson,BJ,Krauseborough,2024-11-19T04:32:00+00:00
484,debbierodriguez@example.net,Colleen Schneider,PA,Dakotaland,2025-07-10T11:00:42+00:00
485,kimberly07@example.org,April Johnson,MW,Edwardmouth,2024-06-27T06:38:51+00:00
486,robertsonshelby@example.com,Jared Luna,BJ,North Patrick,2026-02-01T14:54:19+00:00
487,imartinez@example.com,Eric Brown,KH,West Amandamouth,2025-09-03T18:26:22+00:00
488,shodges@example.net,Julian Ponce,HR,West Heather,2024-07-04T07:30:37+00:00
489,tom73@example.org,Alexander Davies,GY,Priceside,2026-01-26T21:46:35+00:00
490,zferguson@example.com,Alexis Morgan,LU,South Davidhaven,2025-08-02T15:34:11+00:00
491,joycehall@example.org,Charles Valdez,PW,East Jacquelineberg,2025-03-26T00:48:43+00:00
492,conwaylori@example.org,Christopher Garza,CD,South Brookebury,2024-05-19T00:24:37+00:00
493,ronaldcain@example.net,Erika Daugherty,TR,West Mary,2024-06-22T03:53:10+00:00
494,watkinsmatthew@example.org,Peter Jackson,MN,South John,2025-11-15T12:09:14+00:00
495,craigboone@example.net,Christopher Hobbs,BR,North Harryland,2025-06-20T14:58:31+00:00
496,robert72@example.org,Devin Cole,GY,New Heather,2025-09-16T00:18:14+00:00
497,fsalazar@example.net,Elizabeth Barnes,TH,East David,2025-06-30T15:08:51+00:00
498,montgomerymichelle@example.net,Julie Sims,GE,Brianville,2025-05-15T08:21:39+00:00
499,kjimenez@example.net,Amy Diaz,GE,Kingmouth,2025-11-17T23:11:03+00:00
500,buckleygregory@example.org,Mr. Steven Griffith,UA,Robertmouth,2024-06-08T07:08:31+00:00
